feature,importance
sex_female,0.1085086241364479
sex_male,0.10522104054689407
multiple_reactions,0.09382975846529007
patientsex,0.08764305710792542
age_missing,0.08566233515739441
sex_unknown,0.07935655117034912
num_drugs,0.06941086798906326
patientweight,0.06171746924519539
num_reactions,0.05991799384355545
polypharmacy,0.059399090707302094
age_years,0.05638160556554794
patientonsetage,0.05018547549843788
high_polypharmacy,0.04341557249426842
many_reactions,0.03935052081942558
